7013	IHI
7259	アイシン
8304	あおぞら銀行
3407	旭化成
2502	アサヒグループホールディングス
7936	アシックス
2802	味の素
4503	アステラス製薬
6857	アドバンテスト
6754	アンリツ
8267	イオン
7202	いすゞ自動車
5019	出光興産
8001	伊藤忠商事
4062	イビデン
8088	岩谷産業
1605	INPEX
5201	AGC
9603	エイチ・アイ・エス
4180	Appier Group
9202	ANAホールディングス
4523	エーザイ
3856	Abalance
2670	エービーシー・マート
6273	SMC
9143	SGホールディングス
8303	SBI新生銀行
8473	SBIホールディングス
9432	NTT
5020	ENEOSホールディングス
4169	ENECHANGE
6361	荏原製作所
8725	MS&ADインシュアランスグループホールディングス
2413	エムスリー
3861	王子ホールディングス
9532	大阪瓦斯
5726	大阪チタニウムテクノロジーズ
4768	大塚商会
4578	大塚ホールディングス
1802	大林組
4684	オービック
4528	小野薬品工業
6645	オムロン
4661	オリエンタルランド
8591	オリックス
7733	オリンパス
4452	花王
6952	カシオ計算機
1812	鹿島建設
3498	霞ヶ関キャピタル
9468	KADOKAWA
9697	カプコン
2229	カルビー
9107	川崎汽船
7012	川崎重工業
9503	関西電力
7181	かんぽ生命保険
6861	キーエンス
285A	キオクシアホールディングス
2801	キッコーマン
7751	キヤノン
9508	九州電力
6971	京セラ
4151	協和キリン
2503	キリンホールディングス
6326	クボタ
3405	クラレ
8253	クレディセゾン
9433	KDDI
5406	神戸製鋼所
3038	神戸物産
581A	GO
4922	コーセーホールディングス
6525	KOKUSAI ELECTRIC
5021	コスモエネルギーホールディングス
9766	コナミグループ
4967	小林製薬
6301	小松製作所
4751	サイバーエージェント
3778	さくらインターネット
3436	SUMCO
2587	サントリー食品インターナショナル
8136	サンリオ
5929	三和ホールディングス
5016	JX金属
3558	ジェイドグループ
5411	JFEホールディングス
4507	塩野義製薬
5831	しずおかフィナンシャルグループ
6869	シスメックス
4911	資生堂
6590	芝浦メカトロニクス
3697	SHIFT
7309	シマノ
8227	しまむら
1803	清水建設
9104	商船三井
4063	信越化学工業
3197	すかいらーくホールディングス
9684	スクウェア・エニックスHD
7735	SCREENホールディングス
7269	スズキ
7270	SUBARU
1514	住石ホールディングス
4005	住友化学
5713	住友金属鉱山
5110	住友ゴム工業
8053	住友商事
5802	住友電気工業
8830	住友不動産
1911	住友林業
6724	セイコーエプソン
9024	西武ホールディングス
4204	積水化学工業
1928	積水ハウス
9735	セコム
3382	セブン&アイ・ホールディングス
4880	セルソース
7550	ゼンショーホールディングス
2768	双日
6526	ソシオネクスト
3092	ZOZO
6758	ソニーグループ
8729	ソニーフィナンシャルグループ
9434	ソフトバンク
9984	ソフトバンクグループ
8630	SOMPOホールディングス
4568	第一三共
8750	第一ライフグループ
6367	ダイキン工業
1801	大成建設
1878	大東建託
7912	大日本印刷
6383	ダイフク
6976	太陽誘電
8601	大和証券グループ本社
1925	大和ハウス工業
8233	高島屋
4502	武田薬品工業
6619	ダブル・スコープ
8331	千葉銀行
4519	中外製薬
9502	中部電力
2432	ディー・エヌ・エー
8795	T&Dホールディングス
6481	THK
6141	DMG森精機
6762	TDK
6146	ディスコ
2484	出前館
4543	テルモ
6902	デンソー
4324	電通グループ
9022	東海旅客鉄道
9005	東急
3289	東急不動産ホールディングス
8035	東京エレクトロン
8766	東京海上ホールディングス
9531	東京瓦斯
7729	東京精密
8804	東京建物
9023	東京地下鉄
9501	東京電力ホールディングス
6617	東光高岳
4042	東ソー
9602	東宝
9506	東北電力
2875	東洋水産
3402	東レ
5332	TOTO
5105	TOYO TIRE
6315	TOWA
7911	TOPPANホールディングス
7203	トヨタ自動車
8015	豊田通商
4704	トレンドマイクロ
7014	名村造船所
7731	ニコン
9021	西日本旅客鉄道
6996	ニチコン
2871	ニチレイ
4021	日産化学
7201	日産自動車
2897	日清食品ホールディングス
1332	ニッスイ
6988	日東電工
9147	NIPPON EXPRESSホールディングス
4091	日本酸素ホールディングス
5401	日本製鉄
5334	日本特殊陶業
8697	日本取引所グループ
4612	日本ペイントホールディングス
6594	ニデック
9843	ニトリホールディングス
2127	日本M&Aセンターホールディングス
4716	日本オラクル
9201	日本航空
5631	日本製鋼所
2914	日本たばこ産業
6701	日本電気
6871	日本マイクロニクス
2702	日本マクドナルドホールディングス
6178	日本郵政
9101	日本郵船
4056	ニューラルグループ
7974	任天堂
4565	ネクセラファーマ
3659	ネクソン
4307	野村総合研究所
3231	野村不動産ホールディングス
8604	野村ホールディングス
6254	野村マイクロ・サイエンス
6752	パナソニックホールディングス
6965	浜松ホトニクス
7532	パン・パシフィック・インターナショナルホールディングス
9042	阪急阪神ホールディングス
7832	バンダイナムコホールディングス
9020	東日本旅客鉄道
6305	日立建機
6501	日立製作所
3003	ヒューリック
9983	ファーストリテイリング
6954	ファナック
3563	FOOD&LIFE COMPANIES
8354	ふくおかフィナンシャルグループ
5803	フジクラ
6702	富士通
6504	富士電機
4901	富士フイルムホールディングス
6448	ブラザー工業
4478	フリー
5108	ブリヂストン
5801	古河電気工業
4934	プレミアアンチエイジング
6532	ベイカレント
6027	弁護士ドットコム
7741	HOYA
9509	北海道電力
7267	本田技研工業
6586	マキタ
3132	マクニカホールディングス
3088	マツキヨココカラ&カンパニー
7261	マツダ
8698	マネックスグループ
8252	丸井グループ
8002	丸紅
5344	MARUWA
8411	みずほフィナンシャルグループ
7003	三井E&S
4183	三井化学
5706	三井金属
8309	三井住友トラストグループ
8316	三井住友フィナンシャルグループ
6966	三井ハイテック
8031	三井物産
8801	三井不動産
3099	三越伊勢丹ホールディングス
8593	三菱HCキャピタル
4188	三菱ケミカルグループ
8802	三菱地所
7211	三菱自動車工業
7011	三菱重工業
8058	三菱商事
9301	三菱倉庫
6503	三菱電機
8306	三菱UFJフィナンシャル・グループ
6479	ミネベアミツミ
4436	ミンカブ・ジ・インフォノイド
6981	村田製作所
2269	明治ホールディングス
6508	明電舎
4385	メルカリ
3064	MonotaRO
6630	ヤーマン
2267	ヤクルト本社
6506	安川電機
9831	ヤマダホールディングス
9064	ヤマトホールディングス
7272	ヤマハ発動機
2931	ユーグレナ
7182	ゆうちょ銀行
8113	ユニ・チャーム
7186	横浜フィナンシャルグループ
4689	LINEヤフー
5838	楽天銀行
4755	楽天グループ
5938	LIXIL
6098	リクルートホールディングス
7752	リコー
8308	りそなホールディングス
7453	良品計画
6723	ルネサスエレクトロニクス
6920	レーザーテック
4004	レゾナック・ホールディングス
9519	レノバ
6323	ローツェ
6963	ローム
7564	ワークマン
